{"inputSize": 73, "outputSize": 57, "mean_x": [-853.240891709723, 11703.041928628805, 1620.3225697046817, 0.8223518502519781, -0.2659543375089998, 9.137214332037432, 4.141278860619076, 75.85208609863204, 9.122959253707739, 0.17471802735781133, 0.009150313174946408, 0.08756860907127453, -900.0245345127428, 11531.536611040612, 1603.6552349946696, 0.6303518259179246, -0.11825668696904174, -4.030028404751622, 2.0726036980562945, 73.95929385356366, 7.797767725269977, 0.18953307185025162, 0.0018364856731462294, -0.27482548120950423, -1012.1972275556508, 11676.890847595352, 1603.2668743870477, 0.8569193222462148, -0.06949596558675537, 1.715720073722103, 3.523149917926507, 73.1971632472283, 7.8868650925846, 0.192506216558676, -0.01593186997840171, 0.010432635997120517, -1029.71058949086, 11545.201047509141, 1608.3717854646543, 0.6443864770338371, 0.12477464866810861, -2.5216321929445678, 2.9669956725703024, 74.5329928188627, 7.757076790496768, 0.20002487069834363, -0.013082153347732248, 2.974802015854807e-05, -963.2941504182875, 11606.469261691704, 1456.3496285088563, 6.061109217134635, -3.5799659660187353, -7.2712364606191695, 2.548669081353436, 73.91161386133922, 9.068345625629949], "mean_y": [0.01714407156834394, 0.004919851783482708, 0.00053103686369721, 0.013242955344221171, 0.014084041374504117, 0.0035040999060726476, 0.0005119413790449661, 0.02064827677504816, 0.0199148317756042, 0.0008345162443797148, -0.00023871131481374396, 0.02022861896579842, 0.01427226964891875, -0.00185808914302168, 0.0015738510481874606, 0.018075126430124707], "mean_z": [0.15645523916487342, 3.1744174374370107, 0.3570809570914328, -0.007895951331893452, 0.001885905543556515, 0.004982133477321798, -0.017514587904967637, -0.077424241612671, -0.22414662303815763, -0.042896761555075796, -0.0067648683945284414, -0.0076245169186465135, 0.057272031533473704, 3.089034940820737, 0.2940370719942407, -0.006631105399568036, 0.00017647530597552898, -0.012105826781857433, 0.0010444937365009183, -0.07664203110151181, -0.22022300230381556, -0.022650015262779023, -0.014345668106551438, -0.0013927373650107974, 0.1295832287976977, 3.07265765601152, 0.29447959179265654, -0.009127780273578114, -2.98113750899813e-05, 0.0031775372210222875, -0.018881562850971954, -0.06479004002879772, -0.20644932023038143, -0.024343515766738755, -0.004756100359971197, -0.008572893592512596, 0.10343586882649948, 3.1192895352051844, 0.291897070698344, -0.007677917782577392, -9.143700503954892e-06, -0.0011298806335492976, -0.01408078790496757, -0.08064893678905717, -0.22424796659467247, -0.022419324694024467, -0.009766430669546465, 0.002842733765298776, 0.08687328106551179, 3.1008927556515524, 0.29958160374370024, 0.0013612211663067057, -0.0044359576673866415, -0.02405778329733618, -0.12222954240460748, -0.05876752008639321, -1.0678202479481647], "std_x": [1685.4488345051234, 1561.3031581014181, 394.0544588399564, 2.354919547314351, 1.8340952051671677, 20.84792992934267, 154.18276008260477, 153.6974831044999, 65.52122242052612, 4.176334066415567, 1.030558470260564, 5.162139790403378, 1679.2113270463615, 1563.077648514762, 390.93301530327665, 2.242668351007434, 1.9689049555090479, 21.359349040683853, 153.68589031092867, 152.52231855594357, 65.5683884561205, 3.697241630182536, 1.418066243860927, 5.109839637701174, 1669.0076942431342, 1574.2090463914972, 390.32426775462693, 2.253771022068773, 2.0041963770721822, 23.41286954715619, 153.17330368677221, 154.71369225772756, 65.1870679283073, 4.002684244079826, 1.122469414447813, 5.295443335059533, 1673.0117241808223, 1577.876596783351, 389.6234247938713, 2.2836170375583236, 1.9124631059540709, 21.71175874747195, 153.8136886530735, 153.8860261788489, 65.2387528984401, 3.777774272313308, 1.065190919135628, 5.1669486140201935, 1678.3036956394633, 1576.0487079833401, 390.4514758335958, 4.177313309043474, 4.681553063512187, 23.130622601442315, 155.7889928039215, 157.19190973228214, 71.08030313190866], "std_y": [0.04974350804751875, 0.04409623642784928, 0.06545015561433903, 0.05851966952421162, 0.049709058994669424, 0.04529243734903367, 0.06317989730612242, 0.06270500047175025, 0.046500733738206276, 0.04687684410390144, 0.06645549796423574, 0.06229971382786451, 0.04862923484111887, 0.04567623654941865, 0.06439911989276217, 0.060893591709253486], "std_z": [6.771193013560375, 6.838932907581559, 2.7878490888055336, 0.21483301895703816, 0.023478791706596277, 0.2258433984541223, 2.1365308865158985, 2.471280885539399, 5.233293940157048, 3.238689791869148, 0.8038329977133554, 1.7038145148825103, 6.922487907358712, 7.089417323790474, 3.016701068833587, 0.15833545373980798, 0.10534577564195954, 0.2539736902845919, 2.0780077820506797, 2.406071270844867, 5.347279746842975, 3.204190633586673, 1.1393984043940062, 1.5626793956080474, 7.583233921030877, 8.037529522751521, 3.203037758984745, 0.20644003018058196, 0.04411453741192977, 0.26877469366934614, 2.069181318023212, 2.4084611817874424, 5.288990143148644, 3.306692382302535, 0.9684897376776227, 1.6786285130830967, 7.7457581719698, 8.036966995191937, 3.1560498979165033, 0.19322710628565165, 0.03508675172630857, 0.24642986307857304, 2.1270703165806766, 2.402972462434527, 4.878298357500069, 3.1913132102874915, 1.1048723404667347, 1.5343355893670942, 6.820079765420826, 6.957182768482286, 2.923634126229976, 0.45987333272543224, 0.5319995566488658, 0.5832636437913709, 6.5912577605356475, 7.325410531504565, 13.103612545547039]}