{"inputSize": 25, "outputSize": 21, "mean_x": [-1438.8064822028023, 10822.347988428835, 1751.1782259760323, 22.071224870943954, -0.4475700674778761, -0.6714182935103246, -16.35693156821534, 1.8540663687315637, -5.609510963126844, 2.0304525416666666, 0.32682245943952803, 0.6386293820058997, -1437.6227556891592, 10823.8873544823, 1654.0891304137167, 32.22289622418879, 0.25259249299410036, -1.1859681607669617, -6.678217940265487, -15.344626294985252, 1.6268103502949862], "mean_y": [0.009712400073746312, -0.01467534587020649, 0.0072260117994100296, -0.023987734882005902], "mean_z": [-3.6623907595870224, 0.33898043510324055, -1.734727258849557, -0.5197930044247789, -0.0448044767699115, -0.04427107706489676, -1.4793247293510325, -3.009997268436578, -6.974603863938052, -0.522415290560472, -1.2689739572271386, -1.0273532090707964, -3.5843483871681436, 0.20661696497050352, -1.9522106415929208, -0.09901611209439522, -0.06390478871681415, -0.21746883001474931, -7.963705134955752, -3.4461571073008845, -4.425534744837758], "std_x": [1547.1075107509491, 1774.3621335222215, 566.3644729718086, 95.18356916327912, 4.798287473480679, 4.447285118840749, 107.31221920210056, 122.97586990365379, 60.84790967863958, 14.888146884025144, 10.66770712998035, 10.451127160416032, 1547.6312693553841, 1775.640940190199, 565.9470509956495, 73.26723070346942, 11.631744606988562, 10.840903615389113, 65.24974171400963, 110.26802455157441, 126.77847409898044], "std_y": [0.10692719485017657, 0.09589519197945429, 0.08198426538142915, 0.13321305876573106], "std_z": [23.286791350185112, 26.114205983335243, 13.307770131660414, 18.28681885074246, 2.2338755697208716, 1.8332123033252556, 16.490977593837474, 18.144507856729536, 33.548252606701524, 9.628607683695217, 13.94524908740718, 14.172270578799422, 24.02573919677639, 27.054107508802755, 13.944729824235537, 10.15230823905611, 4.848905618616329, 4.411251800313703, 35.45390108826154, 23.81579764413957, 25.829371859214458]}