{"inputSize": 25, "outputSize": 21, "mean_x": [-1605.7566285192643, 11165.846072094064, 1710.6897946095107, 24.059355691773685, -0.8596354258937868, 0.005166822631030911, -9.714974719888929, 21.95910221520306, -0.2620808451926412, -0.9558338087469629, 0.33665286081221796, 0.7263503085734121, -1605.167286871225, 11165.546582979521, 1613.1665640163137, 9.009979921555017, -1.5933224515793127, -0.6828852787226657, -0.5139403064908024, -9.993561916695592, 21.989689736549813], "mean_y": [0.0007925144047205838, 0.020964974661575844, -0.005128525164873308, -0.00639670426935092], "mean_z": [-2.244356277334258, 4.515745843457133, -0.46219288233252265, -0.5932327032280459, -0.0717503509198195, 0.015493919472405413, -1.2776577747309963, -0.924450758417216, -5.585067513016313, -0.11259837834085384, -0.8526813998611593, -0.64720442450538, -2.332896250260325, 4.493082031933357, -0.6883966310308928, -0.29186466921207904, -0.15296950780978827, -0.09918753627212772, -6.471684768136064, -2.3433926407497396, -1.3036029271086431], "std_x": [1630.9791367228897, 1524.0072085997192, 362.45937041767075, 81.48792172480367, 3.59648008447928, 3.80008857854315, 143.68108897423932, 120.62202645556646, 42.69854838586328, 9.464461093551494, 7.900463481367595, 9.290046312463133, 1631.933855210777, 1524.4404159442656, 362.75139787201715, 84.04902903685216, 8.428010953235393, 9.722796081580068, 45.89252476712907, 147.4221951031966, 123.59950764126758], "std_y": [0.08110616836142188, 0.07184189441144961, 0.051034218870422, 0.07570508564413617], "std_z": [30.56103659817609, 26.41496850455691, 9.085685770261174, 11.678595814233331, 1.8014553620143006, 1.3155261906129259, 13.169785070014266, 13.331425028551184, 30.785048740965475, 5.914121346445726, 11.46168441569884, 11.505384064393743, 31.133663008098043, 26.518004533067117, 9.743730828366528, 6.842170627463377, 3.545362331875031, 3.1138699836929837, 31.33031690116634, 19.782492967401136, 18.135037654817577]}