{"inputSize": 25, "outputSize": 21, "mean_x": [-891.5669503294798, 11527.828462368016, 1800.8778491117534, -0.8115793707129103, -0.8757296281310213, -1.344534497495183, -26.925960011946053, -16.4554182805395, 0.9777053495183045, 2.080875984200386, 0.07433902312138731, 1.0944081606936418, -890.0147646304432, 11529.043514245086, 1703.3661409768788, 6.707235772254336, -0.12900658265895962, -1.7953028000000002, -0.13333135915221547, -26.542664578420037, -16.410919283622352], "mean_y": [0.024204204238921, -0.02425419113680154, 0.0077516620423892105, 0.02513443853564547], "mean_z": [-5.972187709055877, -3.6663208235067435, -0.28012309556840087, -0.13758595953757227, -0.06659728362235068, -0.03789620886319845, -1.2452650516377648, -1.9404667734104044, -6.244161554142583, -0.3498241148362235, -1.1128125368015416, -1.2747301071290946, -6.0211445888246615, -3.7919477838150284, -0.5914107664739874, -0.24611811868978797, 0.0077443687861271735, -0.10422017957610788, -6.9471424543352605, -3.40880171522158, -3.530333640462428], "std_x": [2025.8564966506253, 1612.8372494336652, 445.01537984823926, 84.7425825589176, 4.911492874357933, 6.097789544234273, 137.11883080588396, 152.12190082859058, 51.329842281673066, 12.7882027459262, 10.66252470018379, 12.599644485667323, 2026.4634096135062, 1613.4210500066044, 444.9661722217927, 77.46770585256861, 10.018459792802968, 12.438398899338129, 55.61911420821826, 138.9875777627961, 154.36963086419692], "std_y": [0.09708936274871587, 0.11306349509721242, 0.06530175171042758, 0.1701778835009791], "std_z": [30.180892711822388, 32.1173993865034, 10.726257230073823, 14.281575055418905, 2.176196539130477, 2.401297264919936, 18.110432316461907, 18.3328951925063, 30.144545238220033, 8.029080520615256, 13.977101740330838, 16.961488573330072, 30.120700630749965, 32.89014569738709, 12.021694362945315, 14.213083993102487, 3.8128062463164136, 4.529128666304546, 31.339835663980896, 24.957519847136943, 24.613048940021915]}