{"inputSize": 73, "outputSize": 57, "mean_x": [-945.8282713371945, 10605.522530456825, 1485.7090922255688, 0.9018239130160067, 0.38323299789385007, 10.388688507792756, -11.824433339932602, 26.95124395113732, 18.243934579191237, -0.05546068428812131, -0.101998649326032, 0.4016039589300759, -942.8514908148692, 10470.427180893006, 1473.709624960615, 0.9332584665122157, 0.3337764894692502, 0.3870093919545071, -10.394297676074137, 30.162521354465042, 9.678391304338668, -0.09081412784330242, -0.03639109014321821, -0.09788375526537495, -1083.7996464214407, 10608.529711320767, 1472.9840864416597, 0.7482352620050547, 0.2843852011373209, 2.876449959351306, -10.536119256529064, 28.75627296840775, 9.78836023904802, -0.0336113595197978, -0.002755944187026104, 1.2245241590143219, -1084.723312696925, 10470.461697693978, 1475.5419310659227, 1.0185095147430496, 0.4724898902695872, -1.8634882194608258, -11.175612365417017, 29.942747391322666, 10.124872574347092, -0.12151979696714406, -0.08115815585509688, -0.5747494222830667, -1014.5342482356782, 10533.818625322872, 1323.2047169759899, 2.9585006343723674, -0.587575155644482, -0.22672070829823077, -11.94917044608256, 32.19043762679023, 10.143266538542543], "mean_y": [0.02578185278266221, -0.008637078302647164, 0.0034083244987170845, 0.02215316856865799, 0.02583634332418372, -0.009466631328150942, 0.0004779191594345489, 0.02306817560440037, 0.021031807800423588, -0.0077015015065159545, 0.00013282119538746744, 0.02307946953891924, 0.027695597124749827, -0.012009803081831092, -0.0009975258084186172, 0.02288951742577034], "mean_z": [-0.09848549494524005, 0.2248531044650375, 0.15247070556023584, 0.0006071223673125527, 0.00072376600673968, 0.003205953243470935, -0.0457833251895535, 0.10693801916596461, -0.02631706908171862, 0.00429639953664701, 0.002370834456613311, 0.004087474094355515, -0.0867556767059814, 0.25165838711036265, 0.08110320155855094, 0.0007558550968828981, 0.0003000520219039595, -0.0007953329823083405, -0.04421434224936814, 0.11538358024431339, -0.05901528327716934, 0.004396617523167649, 0.002237876158382476, 0.00366995261162595, -0.08783929528222399, 0.24027201432181947, 0.08203266364785175, 8.106171019376575e-05, 0.00023391996630160077, 0.010397737363100254, -0.04205615080033698, 0.11421980139005897, -0.05262934688289806, 0.004734798862679023, 0.002195334035383319, 0.0019118991154170178, -0.09302964890480196, 0.2507377695871951, 0.0846790040016849, 0.0009620313816343722, 0.0006006196293176074, -0.0048688892165122165, -0.04436764911541701, 0.11666708824768324, -0.060937520008424596, 0.004627705560235887, 0.002080213142375737, -0.0008864766217354667, -0.09935624915753999, 0.26908225336983943, 0.0768212542122997, 0.00022203538331929233, 0.0018394106992417859, -0.003807078770008425, -0.03077862363100252, 0.07035332834877843, -0.03134710467565289], "std_x": [81.10260655134114, 64.2524272319953, 49.90093823117246, 1.180068971306614, 1.5476017809355087, 16.066125810195455, 53.34365708789187, 39.943740906608745, 26.542206263493632, 0.7555478060287224, 0.779275661774407, 7.559019412570068, 82.40270549402305, 64.64057259201579, 49.91904913223722, 1.0334299101267042, 1.652768918574438, 5.951697819587073, 54.1367906373832, 38.71452654115819, 29.114960351406562, 0.7191297278307882, 0.7712748503843712, 4.957824974511936, 82.84739473908019, 63.32770206143655, 47.98083799140269, 0.944797675031249, 1.8199890698049976, 16.128535765315018, 54.14996222299459, 38.59837194892639, 28.358329883064876, 0.7324822911066189, 0.8399235261004181, 8.536471571573596, 81.83152807740855, 65.79387460536458, 51.197376986705336, 1.0847688563607378, 1.5593279079477944, 6.33970332168526, 53.205725417936584, 39.84606114992377, 30.329462558681275, 0.681616165743838, 0.7090219484705482, 3.735607070140467, 81.51562295609456, 63.502548072674, 48.87325129318805, 3.8437016486073885, 3.3960937739371935, 3.052004088727564, 57.669722617030764, 49.36175583081598, 32.12664738292292], "std_y": [0.0311635386937211, 0.042513413980520456, 0.06433850043018596, 0.015574621171670631, 0.02748517529455684, 0.04467475862960366, 0.062466773943986934, 0.015511015588232606, 0.02544079481964611, 0.048689238630832396, 0.06571117308897106, 0.015574032603730007, 0.02830265511268001, 0.042520315635885236, 0.06439202027505245, 0.015329108794656125], "std_z": [0.44474590033883943, 0.3332740135658858, 0.22243807121135709, 0.008153098174308494, 0.006985323080048078, 0.06493829627819198, 0.1973082832446043, 0.144187715417859, 0.46534221948706034, 0.25954307241706487, 0.1149942404698567, 0.35848112503086615, 0.48787627481767315, 0.3700584089399411, 0.2774776339725759, 0.009354316146840642, 0.007953401750366166, 0.0511617964223077, 0.1994342075079269, 0.1398224587372558, 0.6614162557711537, 0.30791728428598675, 0.17775299959737323, 0.3607775618102591, 0.5530600032576808, 0.4299705325293671, 0.2967125484313159, 0.010463715144865184, 0.00844546546643416, 0.08626730255321673, 0.1935913701453176, 0.13172385808843168, 0.42825370853306843, 0.26339737927025847, 0.1318491550911537, 0.4885937516078126, 0.5363835754623345, 0.428541607332995, 0.3018682930135724, 0.008640355697447703, 0.006476712114884555, 0.03488519169764938, 0.1894982248004164, 0.13311763580437325, 0.4466581460086187, 0.26238538256125477, 0.10237904429398924, 0.3424565865366335, 0.48196803730825527, 0.41182198232732753, 0.24920619370906152, 0.07380443723907178, 0.08697497704447245, 0.12462512158641074, 1.2685345695302432, 1.4506134697241555, 5.777717138745854]}